<?xml version="1.0" encoding="UTF-8"?>
<project-private xmlns="http://www.netbeans.org/ns/project-private/1">
    <editor-bookmarks xmlns="http://www.netbeans.org/ns/editor-bookmarks/2" lastBookmarkId="0"/>
    <open-files xmlns="http://www.netbeans.org/ns/projectui-open-files/2">
        <group>
            <file>file:/home/jgr97/Documentos/Grado/Jaen/Segundo/19-20/Q2/SCD/P/S5/GutierrezRodriguezJavierSesion5/src/gutierrezrodriguezjaviersesion5/InstalarCasa.java</file>
            <file>file:/home/jgr97/Documentos/Grado/Jaen/Segundo/19-20/Q2/SCD/P/S5/GutierrezRodriguezJavierSesion5/src/gutierrezrodriguezjaviersesion5/Promotor.java</file>
            <file>file:/home/jgr97/Documentos/Grado/Jaen/Segundo/19-20/Q2/SCD/P/S5/GutierrezRodriguezJavierSesion5/src/gutierrezrodriguezjaviersesion5/GutierrezRodriguezJavierSesion5.java</file>
        </group>
    </open-files>
</project-private>
